<?xml version="1.0" encoding="UTF-8" ?>
<!DOCTYPE mapper PUBLIC "-//mybatis.org//DTD Mapper 3.0//EN" "http://mybatis.org/dtd/mybatis-3-mapper.dtd" >
<mapper namespace="com.springboot.learn.blogs_viewer.mapper.BlogMapper" >
  <resultMap id="BaseResultMap" type="com.springboot.learn.blogs_viewer.entity.Blog" >
    <id column="id" property="id" jdbcType="INTEGER" />
    <result column="title" property="title" jdbcType="VARCHAR" />
    <result column="release_date" property="releaseDate" jdbcType="TIMESTAMP" />
    <result column="author" property="author" jdbcType="INTEGER" />
  </resultMap>
  <resultMap id="ResultMapWithBLOBs" type="com.springboot.learn.blogs_viewer.entity.Blog" extends="BaseResultMap" >
    <result column="txt" property="txt" jdbcType="LONGVARCHAR" />
  </resultMap>
  <sql id="Base_Column_List" >
    id, title, release_date, author
  </sql>
  <sql id="Blob_Column_List" >
    txt
  </sql>
  <select id="selectByPrimaryKey" resultMap="ResultMapWithBLOBs" parameterType="java.lang.Integer" >
    select 
    <include refid="Base_Column_List" />
    ,
    <include refid="Blob_Column_List" />
    from blog
    where id = #{id,jdbcType=INTEGER}
  </select>
  <delete id="deleteByPrimaryKey" parameterType="java.lang.Integer" >
    delete from blog
    where id = #{id,jdbcType=INTEGER}
  </delete>
  <insert id="insert" parameterType="com.springboot.learn.blogs_viewer.entity.Blog" >
    insert into blog (id, title, release_date, 
      author, txt)
    values (#{id,jdbcType=INTEGER}, #{title,jdbcType=VARCHAR}, #{releaseDate,jdbcType=TIMESTAMP}, 
      #{author,jdbcType=INTEGER}, #{txt,jdbcType=LONGVARCHAR})
  </insert>
  <insert id="insertSelective" parameterType="com.springboot.learn.blogs_viewer.entity.Blog" >
    insert into blog
    <trim prefix="(" suffix=")" suffixOverrides="," >
      <if test="id != null" >
        id,
      </if>
      <if test="title != null" >
        title,
      </if>
      <if test="releaseDate != null" >
        release_date,
      </if>
      <if test="author != null" >
        author,
      </if>
      <if test="txt != null" >
        txt,
      </if>
    </trim>
    <trim prefix="values (" suffix=")" suffixOverrides="," >
      <if test="id != null" >
        #{id,jdbcType=INTEGER},
      </if>
      <if test="title != null" >
        #{title,jdbcType=VARCHAR},
      </if>
      <if test="releaseDate != null" >
        #{releaseDate,jdbcType=TIMESTAMP},
      </if>
      <if test="author != null" >
        #{author,jdbcType=INTEGER},
      </if>
      <if test="txt != null" >
        #{txt,jdbcType=LONGVARCHAR},
      </if>
    </trim>
  </insert>
  <update id="updateByPrimaryKeySelective" parameterType="com.springboot.learn.blogs_viewer.entity.Blog" >
    update blog
    <set >
      <if test="title != null" >
        title = #{title,jdbcType=VARCHAR},
      </if>
      <if test="releaseDate != null" >
        release_date = #{releaseDate,jdbcType=TIMESTAMP},
      </if>
      <if test="author != null" >
        author = #{author,jdbcType=INTEGER},
      </if>
      <if test="txt != null" >
        txt = #{txt,jdbcType=LONGVARCHAR},
      </if>
    </set>
    where id = #{id,jdbcType=INTEGER}
  </update>
  <update id="updateByPrimaryKeyWithBLOBs" parameterType="com.springboot.learn.blogs_viewer.entity.Blog" >
    update blog
    set title = #{title,jdbcType=VARCHAR},
      release_date = #{releaseDate,jdbcType=TIMESTAMP},
      author = #{author,jdbcType=INTEGER},
      txt = #{txt,jdbcType=LONGVARCHAR}
    where id = #{id,jdbcType=INTEGER}
  </update>
  <update id="updateByPrimaryKey" parameterType="com.springboot.learn.blogs_viewer.entity.Blog" >
    update blog
    set title = #{title,jdbcType=VARCHAR},
      release_date = #{releaseDate,jdbcType=TIMESTAMP},
      author = #{author,jdbcType=INTEGER}
    where id = #{id,jdbcType=INTEGER}
  </update>
</mapper>